CALIFORNIA			
Individual Income Tax Returns:  Selected Income and Tax Items by State,  ZIP Code, and Size of Adjusted Gross Income,  Tax Year 2012                                                                                                                                                                                                                                                                                                                                                                                                           			
[Money amounts are in thousands of dollars]			
ZIP code [1]	Size of adjusted gross income	Number of returns	Adjusted gross income (AGI)
			
		(1)	(8)
00000		16,566,670	1,204,833,705
00000	$1 under $25,000	6404780	81950048
00000	$25,000 under $50,000	3851420	138870904
00000	$50,000 under $75,000	2145000	131910234
00000	$75,000 under $100,000	1361280	117875012
00000	$100,000 under $200,000	2005070	274055549
00000	$200,000 or more	799120	460171958
			


			
94002		13,100	1,781,430
94002	$1 under $25,000	2820	31902
94002	$25,000 under $50,000	2020	75183
94002	$50,000 under $75,000	1640	100863
94002	$75,000 under $100,000	1340	116499
94002	$100,000 under $200,000	2910	413694
94002	$200,000 or more	2370	1043289
			
94005		2,560	271,582
94005	$1 under $25,000	570	6772
94005	$25,000 under $50,000	430	16261
94005	$50,000 under $75,000	350	21788
94005	$75,000 under $100,000	280	24077
94005	$100,000 under $200,000	570	81429
94005	$200,000 or more	360	121255
			
94010		20,310	6,293,548
94010	$1 under $25,000	4700	50979
94010	$25,000 under $50,000	2930	108662
94010	$50,000 under $75,000	2230	138118
94010	$75,000 under $100,000	1690	146773
94010	$100,000 under $200,000	3550	504270
94010	$200,000 or more	5210	5344746
			
94014		23,100	1,143,200
94014	$1 under $25,000	8310	107339
94014	$25,000 under $50,000	6610	240252
94014	$50,000 under $75,000	3590	219935
94014	$75,000 under $100,000	1930	166988
94014	$100,000 under $200,000	2340	308045
94014	$200,000 or more	320	100641
			
94015		30,480	1,781,390
94015	$1 under $25,000	9490	119730
94015	$25,000 under $50,000	7760	285206
94015	$50,000 under $75,000	5000	307552
94015	$75,000 under $100,000	3170	274426
94015	$100,000 under $200,000	4360	587502
94015	$200,000 or more	700	206974
			
94019		7,600	889,513
94019	$1 under $25,000	2290	29070
94019	$25,000 under $50,000	1460	52966
94019	$50,000 under $75,000	890	54898
94019	$75,000 under $100,000	660	57645
94019	$100,000 under $200,000	1350	191735
94019	$200,000 or more	950	503199
			104.4050633
94020		790	82,480
94020	$1 under $25,000	190	2210
94020	$25,000 under $50,000	140	5275
94020	$50,000 under $75,000	110	6599
94020	$75,000 under $100,000	90	8116
94020	$100,000 under $200,000	170	23851
94020	$200,000 or more	90	36429
			
94021		110	6,534
94021	$1 under $25,000	40	417
94021	$25,000 under $50,000	40	1650
94021	$50,000 under $75,000	**	**
94021	$75,000 under $100,000	30	4467
94021	$100,000 under $200,000	**	**
94021	$200,000 or more	**	**
			
94022		9,360	5,013,204
94022	$1 under $25,000	1860	17678
94022	$25,000 under $50,000	910	33753
94022	$50,000 under $75,000	680	42422
94022	$75,000 under $100,000	620	54258
94022	$100,000 under $200,000	1680	243479
94022	$200,000 or more	3610	4621614
			367.2075259
94024		10,630	3,903,416
94024	$1 under $25,000	2200	20259
94024	$25,000 under $50,000	910	33506
94024	$50,000 under $75,000	780	48703
94024	$75,000 under $100,000	660	57887
94024	$100,000 under $200,000	1980	288346
94024	$200,000 or more	4100	3454715
			
94025		19,060	6,330,818
94025	$1 under $25,000	4290	48947
94025	$25,000 under $50,000	2890	104844
94025	$50,000 under $75,000	2060	127332
94025	$75,000 under $100,000	1510	131133
94025	$100,000 under $200,000	3490	494591
94025	$200,000 or more	4820	5423971
			
94027		3,220	4,715,800
94027	$1 under $25,000	700	6160
94027	$25,000 under $50,000	270	10057
94027	$50,000 under $75,000	230	14153
94027	$75,000 under $100,000	170	14978
94027	$100,000 under $200,000	420	59204
94027	$200,000 or more	1430	4611248
			
94028		3,450	2,448,460
94028	$1 under $25,000	710	6866
94028	$25,000 under $50,000	330	12322
94028	$50,000 under $75,000	250	15534
94028	$75,000 under $100,000	210	18106
94028	$100,000 under $200,000	570	82347
94028	$200,000 or more	1380	2313285
			
94030		11,160	1,071,030
94030	$1 under $25,000	2980	34062
94030	$25,000 under $50,000	2070	76511
94030	$50,000 under $75,000	1550	95702
94030	$75,000 under $100,000	1110	96661
94030	$100,000 under $200,000	2290	320481
94030	$200,000 or more	1160	447613
			
94038		1,460	145,236
94038	$1 under $25,000	440	5482
94038	$25,000 under $50,000	280	9967
94038	$50,000 under $75,000	180	11013
94038	$75,000 under $100,000	100	8871
94038	$100,000 under $200,000	290	39440
94038	$200,000 or more	170	70463
			137.3422136
94040		15,540	2,134,298
94040	$1 under $25,000	3720	45822
94040	$25,000 under $50,000	2680	97722
94040	$50,000 under $75,000	1830	112992
94040	$75,000 under $100,000	1430	124008
94040	$100,000 under $200,000	3100	440372
94040	$200,000 or more	2780	1313382
			
94041		7,290	983,106
94041	$1 under $25,000	1610	20393
94041	$25,000 under $50,000	1340	49308
94041	$50,000 under $75,000	930	57058
94041	$75,000 under $100,000	710	61543
94041	$100,000 under $200,000	1500	212883
94041	$200,000 or more	1200	581921
			
94043		14,470	1,705,231
94043	$1 under $25,000	3180	39637
94043	$25,000 under $50,000	2600	96403
94043	$50,000 under $75,000	1900	117082
94043	$75,000 under $100,000	1530	132957
94043	$100,000 under $200,000	3320	469111
94043	$200,000 or more	1940	850041
			
94044		19,600	1,577,719
94044	$1 under $25,000	5070	60357
94044	$25,000 under $50,000	3720	137547
94044	$50,000 under $75,000	2970	182977
94044	$75,000 under $100,000	2250	195812
94044	$100,000 under $200,000	4320	593702
94044	$200,000 or more	1270	407324
			
94060		790	47,436
94060	$1 under $25,000	350	5058
94060	$25,000 under $50,000	190	6721
94060	$50,000 under $75,000	100	6242
94060	$75,000 under $100,000	40	3479
94060	$100,000 under $200,000	60	8411
94060	$200,000 or more	50	17525
			
94061		17,320	1,641,430
94061	$1 under $25,000	5190	65594
94061	$25,000 under $50,000	3710	135096
94061	$50,000 under $75,000	2210	135950
94061	$75,000 under $100,000	1580	137102
94061	$100,000 under $200,000	2960	413739
94061	$200,000 or more	1670	753949
			
94062		12,990	4,863,397
94062	$1 under $25,000	3000	33278
94062	$25,000 under $50,000	1850	68637
94062	$50,000 under $75,000	1350	83747
94062	$75,000 under $100,000	1050	91071
94062	$100,000 under $200,000	2490	356430
94062	$200,000 or more	3250	4230234
			
94063		13,720	730,382
94063	$1 under $25,000	5960	80964
94063	$25,000 under $50,000	3870	137916
94063	$50,000 under $75,000	1660	101027
94063	$75,000 under $100,000	850	73867
94063	$100,000 under $200,000	1070	144283
94063	$200,000 or more	310	192325
			
94065		5,810	1,397,157
94065	$1 under $25,000	920	9726
94065	$25,000 under $50,000	620	23110
94065	$50,000 under $75,000	590	36769
94065	$75,000 under $100,000	560	48545
94065	$100,000 under $200,000	1620	232717
94065	$200,000 or more	1500	1046290
			
94066		22,040	1,557,445
94066	$1 under $25,000	6560	84072
94066	$25,000 under $50,000	5100	187261
94066	$50,000 under $75,000	3480	214593
94066	$75,000 under $100,000	2320	201797
94066	$100,000 under $200,000	3630	497877
94066	$200,000 or more	950	371845
			
94070		15,140	2,913,784
94070	$1 under $25,000	3210	34668
94070	$25,000 under $50,000	1970	73158
94070	$50,000 under $75,000	1660	102416
94070	$75,000 under $100,000	1340	117123
94070	$100,000 under $200,000	3360	482428
94070	$200,000 or more	3600	2103991
			
94074		100	8,271
94074	$1 under $25,000	30	417
94074	$25,000 under $50,000	20	878
94074	$50,000 under $75,000	30	1869
94074	$75,000 under $100,000	**	**
94074	$100,000 under $200,000	20	5107
94074	$200,000 or more	**	**
			
94080		32,520	2,163,956
94080	$1 under $25,000	10180	128971
94080	$25,000 under $50,000	7850	288932
94080	$50,000 under $75,000	4920	301048
94080	$75,000 under $100,000	3220	278778
94080	$100,000 under $200,000	5050	691040
94080	$200,000 or more	1300	475187
			
94085		10,540	890,522
94085	$1 under $25,000	2940	38468
94085	$25,000 under $50,000	2140	77725
94085	$50,000 under $75,000	1390	85685
94085	$75,000 under $100,000	1080	93192
94085	$100,000 under $200,000	2210	306694
94085	$200,000 or more	780	288758
			
94086		22,070	2,269,998
94086	$1 under $25,000	5250	66975
94086	$25,000 under $50,000	3930	143561
94086	$50,000 under $75,000	2980	184698
94086	$75,000 under $100,000	2520	220153
94086	$100,000 under $200,000	5000	695742
94086	$200,000 or more	2390	958869
			
94087		24,800	3,475,045
94087	$1 under $25,000	5620	62345
94087	$25,000 under $50,000	3240	119030
94087	$50,000 under $75,000	2640	164522
94087	$75,000 under $100,000	2280	198758
94087	$100,000 under $200,000	5890	845191
94087	$200,000 or more	5130	2085199
			
94089		10,520	818,674
94089	$1 under $25,000	2920	36249
94089	$25,000 under $50,000	2140	78340
94089	$50,000 under $75,000	1540	94878
94089	$75,000 under $100,000	1130	98341
94089	$100,000 under $200,000	2100	287400
94089	$200,000 or more	690	223466
			
94102		13,720	851,491
94102	$1 under $25,000	5120	66613
94102	$25,000 under $50,000	3920	142478
94102	$50,000 under $75,000	1820	111282
94102	$75,000 under $100,000	1050	90635
94102	$100,000 under $200,000	1320	177396
94102	$200,000 or more	490	263087
			
94103		13,350	1,515,292
94103	$1 under $25,000	4400	56552
94103	$25,000 under $50,000	3250	118759
94103	$50,000 under $75,000	1810	110543
94103	$75,000 under $100,000	1110	96616
94103	$100,000 under $200,000	1920	263258
94103	$200,000 or more	860	869564
			
94104		1,370	807,553
94104	$1 under $25,000	310	3546
94104	$25,000 under $50,000	210	7381
94104	$50,000 under $75,000	170	10491
94104	$75,000 under $100,000	110	9447
94104	$100,000 under $200,000	230	32134
94104	$200,000 or more	340	744554
			
94105		5,110	1,665,163
94105	$1 under $25,000	610	7117
94105	$25,000 under $50,000	490	18383
94105	$50,000 under $75,000	590	36648
94105	$75,000 under $100,000	570	49601
94105	$100,000 under $200,000	1410	198915
94105	$200,000 or more	1440	1354499
			
94107		15,450	2,595,050
94107	$1 under $25,000	2800	34996
94107	$25,000 under $50,000	2340	87636
94107	$50,000 under $75,000	1980	123104
94107	$75,000 under $100,000	1700	147948
94107	$100,000 under $200,000	3870	544748
94107	$200,000 or more	2760	1656618
			
94108		6,740	956,279
94108	$1 under $25,000	2420	30241
94108	$25,000 under $50,000	1570	57599
94108	$50,000 under $75,000	970	59384
94108	$75,000 under $100,000	610	52923
94108	$100,000 under $200,000	760	102261
94108	$200,000 or more	410	653871
			
94109		31,830	3,398,222
94109	$1 under $25,000	7750	100063
94109	$25,000 under $50,000	7130	264786
94109	$50,000 under $75,000	5350	330135
94109	$75,000 under $100,000	3570	307876
94109	$100,000 under $200,000	5270	722914
94109	$200,000 or more	2760	1672448
			
94110		39,250	3,460,178
94110	$1 under $25,000	12240	161361
94110	$25,000 under $50,000	9640	353032
94110	$50,000 under $75,000	5540	339753
94110	$75,000 under $100,000	3420	295914
94110	$100,000 under $200,000	5500	760955
94110	$200,000 or more	2910	1549163
			
94111		2,670	1,754,078
94111	$1 under $25,000	570	6950
94111	$25,000 under $50,000	350	12894
94111	$50,000 under $75,000	280	17086
94111	$75,000 under $100,000	250	21548
94111	$100,000 under $200,000	550	77518
94111	$200,000 or more	670	1618082
			
94112		40,810	1,974,886
94112	$1 under $25,000	16790	214290
94112	$25,000 under $50,000	11010	399223
94112	$50,000 under $75,000	5490	335474
94112	$75,000 under $100,000	3000	258968
94112	$100,000 under $200,000	3700	494543
94112	$200,000 or more	820	272388
			
94114		20,740	4,354,142
94114	$1 under $25,000	3570	43721
94114	$25,000 under $50,000	3440	130508
94114	$50,000 under $75,000	3250	201361
94114	$75,000 under $100,000	2420	209869
94114	$100,000 under $200,000	4650	652358
94114	$200,000 or more	3410	3116325
			
94115		18,600	3,774,428
94115	$1 under $25,000	4250	53721
94115	$25,000 under $50,000	3690	137684
94115	$50,000 under $75,000	2960	182392
94115	$75,000 under $100,000	1980	172120
94115	$100,000 under $200,000	3300	453991
94115	$200,000 or more	2420	2774520
			
94116		22,710	1,857,524
94116	$1 under $25,000	7340	86815
94116	$25,000 under $50,000	4690	173011
94116	$50,000 under $75,000	3170	194649
94116	$75,000 under $100,000	2200	190307
94116	$100,000 under $200,000	3640	504521
94116	$200,000 or more	1670	708221
			
94117		22,750	3,054,647
94117	$1 under $25,000	4830	62913
94117	$25,000 under $50,000	5070	188665
94117	$50,000 under $75,000	3780	233319
94117	$75,000 under $100,000	2550	220834
94117	$100,000 under $200,000	4000	553750
94117	$200,000 or more	2520	1795166
			
94118		20,700	3,794,668
94118	$1 under $25,000	5490	65880
94118	$25,000 under $50,000	4320	160774
94118	$50,000 under $75,000	3180	195163
94118	$75,000 under $100,000	1990	172362
94118	$100,000 under $200,000	3170	440340
94118	$200,000 or more	2550	2760149
			
94121		22,090	2,215,494
94121	$1 under $25,000	6780	82985
94121	$25,000 under $50,000	4950	182196
94121	$50,000 under $75,000	3380	206991
94121	$75,000 under $100,000	2080	179277
94121	$100,000 under $200,000	3230	443347
94121	$200,000 or more	1670	1120698
			
94122		30,810	2,284,629
94122	$1 under $25,000	9510	115727
94122	$25,000 under $50,000	7030	259024
94122	$50,000 under $75,000	4680	287175
94122	$75,000 under $100,000	2960	256541
94122	$100,000 under $200,000	4800	660279
94122	$200,000 or more	1830	705883
			
94123		14,950	3,728,592
94123	$1 under $25,000	1940	22902
94123	$25,000 under $50,000	1940	74225
94123	$50,000 under $75,000	2460	153200
94123	$75,000 under $100,000	2030	175925
94123	$100,000 under $200,000	3660	511481
94123	$200,000 or more	2920	2790859
			
94124		16,280	629,034
94124	$1 under $25,000	7790	96977
94124	$25,000 under $50,000	4470	159838
94124	$50,000 under $75,000	2040	124268
94124	$75,000 under $100,000	970	83364
94124	$100,000 under $200,000	850	110476
94124	$200,000 or more	160	54111
			
94127		10,200	1,621,338
94127	$1 under $25,000	2280	24760
94127	$25,000 under $50,000	1420	52879
94127	$50,000 under $75,000	1200	73987
94127	$75,000 under $100,000	930	81117
94127	$100,000 under $200,000	2210	317003
94127	$200,000 or more	2160	1071592
			
94129		1,800	526,954
94129	$1 under $25,000	370	4565
94129	$25,000 under $50,000	350	13239
94129	$50,000 under $75,000	290	18070
94129	$75,000 under $100,000	170	14350
94129	$100,000 under $200,000	330	46673
94129	$200,000 or more	290	430057
			
94130		990	33,074
94130	$1 under $25,000	530	6308
94130	$25,000 under $50,000	280	10260
94130	$50,000 under $75,000	80	4625
94130	$75,000 under $100,000	40	3203
94130	$100,000 under $200,000	60	8678
94130	$200,000 or more	**	**
			
94131		15,930	2,169,772
94131	$1 under $25,000	3100	37682
94131	$25,000 under $50,000	2730	102359
94131	$50,000 under $75,000	2290	141469
94131	$75,000 under $100,000	1820	158046
94131	$100,000 under $200,000	3530	491980
94131	$200,000 or more	2460	1238236
			
94132		12,610	850,776
94132	$1 under $25,000	4520	52499
94132	$25,000 under $50,000	2690	99033
94132	$50,000 under $75,000	1780	109649
94132	$75,000 under $100,000	1160	100208
94132	$100,000 under $200,000	1790	245161
94132	$200,000 or more	670	244226
			
94133		14,170	1,528,070
94133	$1 under $25,000	4790	58804
94133	$25,000 under $50,000	2910	107239
94133	$50,000 under $75,000	2110	130088
94133	$75,000 under $100,000	1250	108190
94133	$100,000 under $200,000	1960	270772
94133	$200,000 or more	1150	852977
			
94134		20,650	929,088
94134	$1 under $25,000	8810	110558
94134	$25,000 under $50,000	5520	199551
94134	$50,000 under $75,000	2860	174795
94134	$75,000 under $100,000	1490	128599
94134	$100,000 under $200,000	1670	223926
94134	$200,000 or more	300	91659
			
94158		2,580	597,111
94158	$1 under $25,000	350	4326
94158	$25,000 under $50,000	480	17530
94158	$50,000 under $75,000	320	19539
94158	$75,000 under $100,000	240	20812
94158	$100,000 under $200,000	670	94232
94158	$200,000 or more	520	440672
			
94301		8,490	8,161,709
94301	$1 under $25,000	1630	16811
94301	$25,000 under $50,000	990	36776
94301	$50,000 under $75,000	820	50816
94301	$75,000 under $100,000	650	56586
94301	$100,000 under $200,000	1670	240747
94301	$200,000 or more	2730	7759973
			
94303		20,600	3,951,495
94303	$1 under $25,000	7350	93486
94303	$25,000 under $50,000	4810	173002
94303	$50,000 under $75,000	2240	136405
94303	$75,000 under $100,000	1180	101918
94303	$100,000 under $200,000	2260	320706
94303	$200,000 or more	2760	3125978
			
94304		1,950	848,809
94304	$1 under $25,000	200	2141
94304	$25,000 under $50,000	200	7793
94304	$50,000 under $75,000	260	15818
94304	$75,000 under $100,000	180	15936
94304	$100,000 under $200,000	520	74685
94304	$200,000 or more	590	732436
			
94305		2,800	477,338
94305	$1 under $25,000	680	7337
94305	$25,000 under $50,000	750	26531
94305	$50,000 under $75,000	200	11975
94305	$75,000 under $100,000	140	12071
94305	$100,000 under $200,000	340	49568
94305	$200,000 or more	690	369856
			
94306		13,040	2,783,410
94306	$1 under $25,000	2890	30017
94306	$25,000 under $50,000	1900	70630
94306	$50,000 under $75,000	1360	84323
94306	$75,000 under $100,000	1080	94442
94306	$100,000 under $200,000	2680	383005
94306	$200,000 or more	3130	2120993
			
94401		16,640	1,183,600
94401	$1 under $25,000	5770	74638
94401	$25,000 under $50,000	3820	138687
94401	$50,000 under $75,000	2360	145800
94401	$75,000 under $100,000	1580	136781
94401	$100,000 under $200,000	2320	313029
94401	$200,000 or more	790	374665
			
94402		12,750	2,316,577
94402	$1 under $25,000	2960	33029
94402	$25,000 under $50,000	1910	70295
94402	$50,000 under $75,000	1500	92655
94402	$75,000 under $100,000	1150	100185
94402	$100,000 under $200,000	2620	373212
94402	$200,000 or more	2610	1647201
			
94403		20,290	2,928,354
94403	$1 under $25,000	5230	62678
94403	$25,000 under $50,000	3740	137790
94403	$50,000 under $75,000	2870	177191
94403	$75,000 under $100,000	2140	185020
94403	$100,000 under $200,000	4100	575070
94403	$200,000 or more	2210	1790605
			
94404		16,730	2,161,899
94404	$1 under $25,000	3230	35293
94404	$25,000 under $50,000	2080	77566
94404	$50,000 under $75,000	2050	127748
94404	$75,000 under $100,000	1960	171301
94404	$100,000 under $200,000	4610	651849
94404	$200,000 or more	2800	1098142
			
94501		30,290	2,207,443
94501	$1 under $25,000	8890	110469
94501	$25,000 under $50,000	6830	251620
94501	$50,000 under $75,000	4960	305767
94501	$75,000 under $100,000	3080	266741
94501	$100,000 under $200,000	4850	667782
94501	$200,000 or more	1680	605064
			
94502		6,740	770,251
94502	$1 under $25,000	1500	16303
94502	$25,000 under $50,000	920	34055
94502	$50,000 under $75,000	780	48731
94502	$75,000 under $100,000	730	63553
94502	$100,000 under $200,000	1820	257787
94502	$200,000 or more	990	349822
			
94503		8,890	557,748
94503	$1 under $25,000	2800	33984
94503	$25,000 under $50,000	2010	73331
94503	$50,000 under $75,000	1320	80751
94503	$75,000 under $100,000	890	77738
94503	$100,000 under $200,000	1560	213137
94503	$200,000 or more	310	78807
			
94505		5,920	541,258
94505	$1 under $25,000	1420	16246
94505	$25,000 under $50,000	900	33662
94505	$50,000 under $75,000	790	49415
94505	$75,000 under $100,000	770	67124
94505	$100,000 under $200,000	1590	219946
94505	$200,000 or more	450	154865
			
94506		10,380	2,396,465
94506	$1 under $25,000	2180	19098
94506	$25,000 under $50,000	900	32888
94506	$50,000 under $75,000	770	47846
94506	$75,000 under $100,000	690	60476
94506	$100,000 under $200,000	2410	353376
94506	$200,000 or more	3430	1882781
			
94507		7,390	2,164,896
94507	$1 under $25,000	1690	15687
94507	$25,000 under $50,000	690	25493
94507	$50,000 under $75,000	550	33399
94507	$75,000 under $100,000	480	42206
94507	$100,000 under $200,000	1440	208661
94507	$200,000 or more	2540	1839450
			
94508		1,310	105,910
94508	$1 under $25,000	440	4950
94508	$25,000 under $50,000	260	9782
94508	$50,000 under $75,000	190	11865
94508	$75,000 under $100,000	150	12889
94508	$100,000 under $200,000	180	24701
94508	$200,000 or more	90	41723
			
94509		26,460	1,220,460
94509	$1 under $25,000	10740	139265
94509	$25,000 under $50,000	6810	246610
94509	$50,000 under $75,000	3890	237941
94509	$75,000 under $100,000	2290	199543
94509	$100,000 under $200,000	2480	322935
94509	$200,000 or more	250	74166
			
94510		13,730	1,158,546
94510	$1 under $25,000	3720	43208
94510	$25,000 under $50,000	2460	91341
94510	$50,000 under $75,000	1870	115608
94510	$75,000 under $100,000	1520	131823
94510	$100,000 under $200,000	3120	432102
94510	$200,000 or more	1040	344464
			
94513		24,230	1,871,453
94513	$1 under $25,000	6990	83423
94513	$25,000 under $50,000	4160	152709
94513	$50,000 under $75,000	3120	194506
94513	$75,000 under $100,000	2810	245346
94513	$100,000 under $200,000	5900	809776
94513	$200,000 or more	1250	385693
			
94514		530	31,053
94514	$1 under $25,000	200	2495
94514	$25,000 under $50,000	150	5338
94514	$50,000 under $75,000	60	3627
94514	$75,000 under $100,000	30	2900
94514	$100,000 under $200,000	70	8841
94514	$200,000 or more	20	7852
			
94515		3,300	253,222
94515	$1 under $25,000	1180	15401
94515	$25,000 under $50,000	890	31953
94515	$50,000 under $75,000	480	29292
94515	$75,000 under $100,000	240	20676
94515	$100,000 under $200,000	360	47686
94515	$200,000 or more	150	108214
			
94517		6,060	681,877
94517	$1 under $25,000	1390	14517
94517	$25,000 under $50,000	800	29545
94517	$50,000 under $75,000	630	39106
94517	$75,000 under $100,000	620	53851
94517	$100,000 under $200,000	1780	252659
94517	$200,000 or more	840	292199
			
94518		12,970	893,334
94518	$1 under $25,000	4080	49415
94518	$25,000 under $50,000	2800	102802
94518	$50,000 under $75,000	1860	114999
94518	$75,000 under $100,000	1330	115959
94518	$100,000 under $200,000	2310	316777
94518	$200,000 or more	590	193382
			
94519		8,790	520,959
94519	$1 under $25,000	2790	35204
94519	$25,000 under $50,000	1920	70688
94519	$50,000 under $75,000	1450	89749
94519	$75,000 under $100,000	1060	92065
94519	$100,000 under $200,000	1400	185121
94519	$200,000 or more	170	48132
			
94520		16,320	668,492
94520	$1 under $25,000	7250	98225
94520	$25,000 under $50,000	4780	171174
94520	$50,000 under $75,000	2130	129946
94520	$75,000 under $100,000	1070	92356
94520	$100,000 under $200,000	980	125702
94520	$200,000 or more	110	51089
			
94521		19,960	1,462,575
94521	$1 under $25,000	5690	67754
94521	$25,000 under $50,000	3870	142639
94521	$50,000 under $75,000	2920	181431
94521	$75,000 under $100,000	2230	194270
94521	$100,000 under $200,000	4260	583456
94521	$200,000 or more	990	293025
			
94523		16,660	1,400,932
94523	$1 under $25,000	4380	51064
94523	$25,000 under $50,000	2920	108844
94523	$50,000 under $75,000	2440	151807
94523	$75,000 under $100,000	1910	166190
94523	$100,000 under $200,000	3770	525834
94523	$200,000 or more	1240	397193
			
94525		1,690	102,511
94525	$1 under $25,000	540	6884
94525	$25,000 under $50,000	370	13948
94525	$50,000 under $75,000	280	17272
94525	$75,000 under $100,000	200	17474
94525	$100,000 under $200,000	260	34735
94525	$200,000 or more	40	12198
			
94526		15,610	2,597,307
94526	$1 under $25,000	3450	34077
94526	$25,000 under $50,000	1740	65157
94526	$50,000 under $75,000	1540	95615
94526	$75,000 under $100,000	1480	129035
94526	$100,000 under $200,000	3820	553834
94526	$200,000 or more	3580	1719589
			
94530		12,790	1,026,951
94530	$1 under $25,000	3390	40517
94530	$25,000 under $50,000	2560	94494
94530	$50,000 under $75,000	2130	131542
94530	$75,000 under $100,000	1360	118398
94530	$100,000 under $200,000	2450	339816
94530	$200,000 or more	900	302184
			
94531		17,960	1,115,801
94531	$1 under $25,000	5710	70150
94531	$25,000 under $50,000	3680	135470
94531	$50,000 under $75,000	2830	174379
94531	$75,000 under $100,000	2100	182701
94531	$100,000 under $200,000	3150	423193
94531	$200,000 or more	490	129908
			
94533		30,520	1,452,540
94533	$1 under $25,000	12220	161519
94533	$25,000 under $50,000	8120	294278
94533	$50,000 under $75,000	4310	263728
94533	$75,000 under $100,000	2530	218475
94533	$100,000 under $200,000	2980	393789
94533	$200,000 or more	360	120751
			
94534		17,080	1,484,931
94534	$1 under $25,000	4340	51088
94534	$25,000 under $50,000	2830	104799
94534	$50,000 under $75,000	2490	154550
94534	$75,000 under $100,000	2150	186438
94534	$100,000 under $200,000	4070	560460
94534	$200,000 or more	1200	427596
			
94535		2,180	80,763
94535	$1 under $25,000	1060	17722
94535	$25,000 under $50,000	660	23820
94535	$50,000 under $75,000	240	14546
94535	$75,000 under $100,000	130	10938
94535	$100,000 under $200,000	90	13737
94535	$200,000 or more	**	**
			
94536		30,610	2,582,955
94536	$1 under $25,000	8320	101592
94536	$25,000 under $50,000	5680	209476
94536	$50,000 under $75,000	4310	266025
94536	$75,000 under $100,000	3380	294183
94536	$100,000 under $200,000	6470	896493
94536	$200,000 or more	2450	815186
			
94538		28,210	1,956,867
94538	$1 under $25,000	8320	104750
94538	$25,000 under $50,000	5920	217039
94538	$50,000 under $75,000	4110	255566
94538	$75,000 under $100,000	3240	282041
94538	$100,000 under $200,000	5430	741611
94538	$200,000 or more	1190	355860
			
94539		21,870	3,470,910
94539	$1 under $25,000	4820	49842
94539	$25,000 under $50,000	2450	90703
94539	$50,000 under $75,000	1990	123833
94539	$75,000 under $100,000	1730	151416
94539	$100,000 under $200,000	5490	799989
94539	$200,000 or more	5390	2255127
			
94541		27,830	1,298,133
94541	$1 under $25,000	10620	140553
94541	$25,000 under $50,000	7840	285456
94541	$50,000 under $75,000	4320	263378
94541	$75,000 under $100,000	2280	197172
94541	$100,000 under $200,000	2440	320929
94541	$200,000 or more	330	90645
			
94542		5,710	514,015
94542	$1 under $25,000	1560	18474
94542	$25,000 under $50,000	1130	41932
94542	$50,000 under $75,000	780	48567
94542	$75,000 under $100,000	590	50824
94542	$100,000 under $200,000	1100	153185
94542	$200,000 or more	550	201033
			
94544		33,060	1,476,985
94544	$1 under $25,000	13030	174244
94544	$25,000 under $50,000	9670	351081
94544	$50,000 under $75,000	4940	300584
94544	$75,000 under $100,000	2610	224749
94544	$100,000 under $200,000	2500	327126
94544	$200,000 or more	310	99201
			
94545		14,700	799,529
94545	$1 under $25,000	5080	65073
94545	$25,000 under $50,000	3880	142111
94545	$50,000 under $75,000	2300	141117
94545	$75,000 under $100,000	1350	117037
94545	$100,000 under $200,000	1800	238176
94545	$200,000 or more	290	96015
			
94546		21,330	1,470,874
94546	$1 under $25,000	6350	76981
94546	$25,000 under $50,000	4490	166404
94546	$50,000 under $75,000	3470	214264
94546	$75,000 under $100,000	2320	202226
94546	$100,000 under $200,000	3890	531947
94546	$200,000 or more	810	279052
			
94547		11,780	854,333
94547	$1 under $25,000	3120	37859
94547	$25,000 under $50,000	2270	84296
94547	$50,000 under $75,000	1970	122034
94547	$75,000 under $100,000	1420	122739
94547	$100,000 under $200,000	2500	340642
94547	$200,000 or more	500	146763
			
94549		13,520	2,865,207
94549	$1 under $25,000	3100	29887
94549	$25,000 under $50,000	1570	58053
94549	$50,000 under $75,000	1290	80421
94549	$75,000 under $100,000	1150	100442
94549	$100,000 under $200,000	2880	418157
94549	$200,000 or more	3530	2178247
			
94550		22,220	2,327,579
94550	$1 under $25,000	5830	65346
94550	$25,000 under $50,000	3320	121786
94550	$50,000 under $75,000	2450	152242
94550	$75,000 under $100,000	2290	199915
94550	$100,000 under $200,000	5670	801582
94550	$200,000 or more	2660	986708
			
94551		19,080	1,418,236
94551	$1 under $25,000	5530	68176
94551	$25,000 under $50,000	3690	134562
94551	$50,000 under $75,000	2590	160187
94551	$75,000 under $100,000	2130	185056
94551	$100,000 under $200,000	4160	575455
94551	$200,000 or more	980	294800
			
94552		6,770	801,690
94552	$1 under $25,000	1540	16479
94552	$25,000 under $50,000	850	31416
94552	$50,000 under $75,000	720	44722
94552	$75,000 under $100,000	680	59413
94552	$100,000 under $200,000	1960	281417
94552	$200,000 or more	1020	368243
			
94553		23,480	1,703,076
94553	$1 under $25,000	6790	81183
94553	$25,000 under $50,000	4640	172495
94553	$50,000 under $75,000	3690	227920
94553	$75,000 under $100,000	2670	231717
94553	$100,000 under $200,000	4580	622280
94553	$200,000 or more	1110	367481
			
94555		14,450	1,485,373
94555	$1 under $25,000	3460	40187
94555	$25,000 under $50,000	2240	82582
94555	$50,000 under $75,000	1750	109067
94555	$75,000 under $100,000	1540	134247
94555	$100,000 under $200,000	3690	523642
94555	$200,000 or more	1770	595648
			
94556		7,030	1,241,132
94556	$1 under $25,000	1480	13638
94556	$25,000 under $50,000	750	27619
94556	$50,000 under $75,000	700	43351
94556	$75,000 under $100,000	630	55064
94556	$100,000 under $200,000	1660	240211
94556	$200,000 or more	1810	861249
			
94558		31,440	2,409,132
94558	$1 under $25,000	10010	130244
94558	$25,000 under $50,000	7560	274334
94558	$50,000 under $75,000	4520	279006
94558	$75,000 under $100,000	2870	249213
94558	$100,000 under $200,000	4640	635482
94558	$200,000 or more	1840	840853
			
94559		12,920	779,751
94559	$1 under $25,000	4450	60077
94559	$25,000 under $50,000	3550	128371
94559	$50,000 under $75,000	1920	117673
94559	$75,000 under $100,000	1080	93726
94559	$100,000 under $200,000	1450	195668
94559	$200,000 or more	470	184236
			
94560		20,310	1,285,007
94560	$1 under $25,000	6500	82464
94560	$25,000 under $50,000	4710	172781
94560	$50,000 under $75,000	3020	186112
94560	$75,000 under $100,000	2130	184853
94560	$100,000 under $200,000	3210	435579
94560	$200,000 or more	740	223218
			
94561		16,290	963,818
94561	$1 under $25,000	5300	65676
94561	$25,000 under $50,000	3450	127089
94561	$50,000 under $75,000	2560	158478
94561	$75,000 under $100,000	1950	169538
94561	$100,000 under $200,000	2730	361449
94561	$200,000 or more	300	81588
			
94563		8,840	2,378,936
94563	$1 under $25,000	1870	16666
94563	$25,000 under $50,000	870	32560
94563	$50,000 under $75,000	750	47060
94563	$75,000 under $100,000	610	53120
94563	$100,000 under $200,000	1860	272312
94563	$200,000 or more	2880	1957218
			
94564		9,390	578,159
94564	$1 under $25,000	2830	35868
94564	$25,000 under $50,000	2080	78128
94564	$50,000 under $75,000	1660	102258
94564	$75,000 under $100,000	1070	92780
94564	$100,000 under $200,000	1520	202399
94564	$200,000 or more	230	66726
			
94565		37,480	1,687,146
94565	$1 under $25,000	15150	200226
94565	$25,000 under $50,000	10090	365688
94565	$50,000 under $75,000	5490	334967
94565	$75,000 under $100,000	3100	267181
94565	$100,000 under $200,000	3330	433615
94565	$200,000 or more	320	85469
			
94566		19,830	3,160,191
94566	$1 under $25,000	4880	51397
94566	$25,000 under $50,000	2700	100145
94566	$50,000 under $75,000	1970	122284
94566	$75,000 under $100,000	1670	145079
94566	$100,000 under $200,000	4630	670641
94566	$200,000 or more	3980	2070645
			
94567		320	17,745
94567	$1 under $25,000	120	1602
94567	$25,000 under $50,000	80	2885
94567	$50,000 under $75,000	40	2112
94567	$75,000 under $100,000	30	2251
94567	$100,000 under $200,000	50	8895
94567	$200,000 or more	**	**
			
94568		21,870	2,326,705
94568	$1 under $25,000	4580	53665
94568	$25,000 under $50,000	3090	114663
94568	$50,000 under $75,000	2780	172599
94568	$75,000 under $100,000	2500	217678
94568	$100,000 under $200,000	6140	873788
94568	$200,000 or more	2780	894312
			
94571		4,170	246,411
94571	$1 under $25,000	1320	16618
94571	$25,000 under $50,000	930	33794
94571	$50,000 under $75,000	700	43481
94571	$75,000 under $100,000	480	41823
94571	$100,000 under $200,000	650	85354
94571	$200,000 or more	90	25341
			
94572		3,900	209,658
94572	$1 under $25,000	1380	17644
94572	$25,000 under $50,000	930	34028
94572	$50,000 under $75,000	600	37058
94572	$75,000 under $100,000	420	36348
94572	$100,000 under $200,000	510	66631
94572	$200,000 or more	60	17949
			
94574		4,160	637,647
94574	$1 under $25,000	1210	15307
94574	$25,000 under $50,000	980	35447
94574	$50,000 under $75,000	500	30469
94574	$75,000 under $100,000	360	30941
94574	$100,000 under $200,000	610	83759
94574	$200,000 or more	500	441724
			
94576		110	6,771
94576	$1 under $25,000	30	355
94576	$25,000 under $50,000	30	1014
94576	$50,000 under $75,000	30	2106
94576	$75,000 under $100,000	**	**
94576	$100,000 under $200,000	20	3296
94576	$200,000 or more	**	**
			
94577		22,730	1,338,597
94577	$1 under $25,000	7670	98414
94577	$25,000 under $50,000	5820	212856
94577	$50,000 under $75,000	3750	229985
94577	$75,000 under $100,000	2130	184472
94577	$100,000 under $200,000	2820	376824
94577	$200,000 or more	540	236046
			
94578		17,700	796,024
94578	$1 under $25,000	6900	91324
94578	$25,000 under $50,000	5120	186866
94578	$50,000 under $75,000	2830	171815
94578	$75,000 under $100,000	1340	115829
94578	$100,000 under $200,000	1340	176305
94578	$200,000 or more	170	53885
			
94579		10,090	538,636
94579	$1 under $25,000	3450	42521
94579	$25,000 under $50,000	2530	92745
94579	$50,000 under $75,000	1690	104044
94579	$75,000 under $100,000	990	85588
94579	$100,000 under $200,000	1240	164281
94579	$200,000 or more	190	49457
			
94580		13,220	676,553
94580	$1 under $25,000	4510	57406
94580	$25,000 under $50,000	3370	124086
94580	$50,000 under $75,000	2260	139162
94580	$75,000 under $100,000	1390	120320
94580	$100,000 under $200,000	1570	203584
94580	$200,000 or more	120	31995
			
94582		15,830	2,403,034
94582	$1 under $25,000	2820	29439
94582	$25,000 under $50,000	1730	63724
94582	$50,000 under $75,000	1370	85409
94582	$75,000 under $100,000	1290	112476
94582	$100,000 under $200,000	4440	653641
94582	$200,000 or more	4180	1458345
			
94583		21,140	3,684,263
94583	$1 under $25,000	3960	42307
94583	$25,000 under $50,000	2240	83197
94583	$50,000 under $75,000	2230	139092
94583	$75,000 under $100,000	1960	171143
94583	$100,000 under $200,000	5230	754196
94583	$200,000 or more	5520	2494328
			
94585		12,860	661,894
94585	$1 under $25,000	4380	56164
94585	$25,000 under $50,000	3220	117978
94585	$50,000 under $75,000	2260	138941
94585	$75,000 under $100,000	1360	117464
94585	$100,000 under $200,000	1540	200557
94585	$200,000 or more	100	30790
			
94586		520	73,292
94586	$1 under $25,000	130	1666
94586	$25,000 under $50,000	80	3009
94586	$50,000 under $75,000	70	4568
94586	$75,000 under $100,000	60	5369
94586	$100,000 under $200,000	110	14488
94586	$200,000 or more	70	44192
			
94587		32,310	2,285,986
94587	$1 under $25,000	10540	132264
94587	$25,000 under $50,000	7290	265877
94587	$50,000 under $75,000	4630	284146
94587	$75,000 under $100,000	3120	269940
94587	$100,000 under $200,000	5130	700974
94587	$200,000 or more	1600	632785
			
94588		14,870	1,840,999
94588	$1 under $25,000	3390	36174
94588	$25,000 under $50,000	1900	70903
94588	$50,000 under $75,000	1720	107504
94588	$75,000 under $100,000	1580	137502
94588	$100,000 under $200,000	4060	578510
94588	$200,000 or more	2220	910406
			
94589		13,220	556,698
94589	$1 under $25,000	5360	70292
94589	$25,000 under $50,000	3720	135874
94589	$50,000 under $75,000	2160	131221
94589	$75,000 under $100,000	1040	90022
94589	$100,000 under $200,000	870	111060
94589	$200,000 or more	70	18229
			
94590		15,750	632,989
94590	$1 under $25,000	7030	91781
94590	$25,000 under $50,000	4400	159308
94590	$50,000 under $75,000	2170	132479
94590	$75,000 under $100,000	1050	90057
94590	$100,000 under $200,000	980	128411
94590	$200,000 or more	120	30953
			
94591		25,720	1,554,977
94591	$1 under $25,000	8060	101797
94591	$25,000 under $50,000	5910	216916
94591	$50,000 under $75,000	4220	259288
94591	$75,000 under $100,000	2820	244712
94591	$100,000 under $200,000	4020	542523
94591	$200,000 or more	690	189741
			
94592		350	29,055
94592	$1 under $25,000	90	908
94592	$25,000 under $50,000	70	2645
94592	$50,000 under $75,000	40	2702
94592	$75,000 under $100,000	40	3327
94592	$100,000 under $200,000	80	11449
94592	$200,000 or more	30	8024
			
94595		9,910	950,820
94595	$1 under $25,000	2580	30752
94595	$25,000 under $50,000	1700	62932
94595	$50,000 under $75,000	1570	97158
94595	$75,000 under $100,000	1120	96625
94595	$100,000 under $200,000	1940	269961
94595	$200,000 or more	1000	393392
			
94596		11,390	2,335,685
94596	$1 under $25,000	2840	33346
94596	$25,000 under $50,000	2160	80524
94596	$50,000 under $75,000	1700	104991
94596	$75,000 under $100,000	1190	102726
94596	$100,000 under $200,000	2110	296813
94596	$200,000 or more	1390	1717285
			
94597		11,290	1,023,046
94597	$1 under $25,000	2640	31123
94597	$25,000 under $50,000	2070	77172
94597	$50,000 under $75,000	1780	110561
94597	$75,000 under $100,000	1420	123173
94597	$100,000 under $200,000	2420	336192
94597	$200,000 or more	960	344825
			
94598		13,190	1,778,562
94598	$1 under $25,000	2880	30672
94598	$25,000 under $50,000	1790	66583
94598	$50,000 under $75,000	1460	90946
94598	$75,000 under $100,000	1350	117418
94598	$100,000 under $200,000	3410	487297
94598	$200,000 or more	2300	985646
			
94599		1,590	162,650
94599	$1 under $25,000	480	5956
94599	$25,000 under $50,000	380	13889
94599	$50,000 under $75,000	240	14739
94599	$75,000 under $100,000	160	13967
94599	$100,000 under $200,000	210	28314
94599	$200,000 or more	120	85785
			
94601		19,780	658,667
94601	$1 under $25,000	10150	134285
94601	$25,000 under $50,000	5880	208679
94601	$50,000 under $75,000	2170	131260
94601	$75,000 under $100,000	830	70832
94601	$100,000 under $200,000	680	85853
94601	$200,000 or more	70	27758
			
94602		13,980	1,083,609
94602	$1 under $25,000	4170	51400
94602	$25,000 under $50,000	3060	112017
94602	$50,000 under $75,000	1990	122874
94602	$75,000 under $100,000	1350	117703
94602	$100,000 under $200,000	2450	341559
94602	$200,000 or more	960	338056
			
94603		12,970	441,160
94603	$1 under $25,000	6190	84374
94603	$25,000 under $50,000	4030	143935
94603	$50,000 under $75,000	1730	104187
94603	$75,000 under $100,000	630	53528
94603	$100,000 under $200,000	350	42912
94603	$200,000 or more	40	12224
			
94605		18,560	1,014,346
94605	$1 under $25,000	6960	88781
94605	$25,000 under $50,000	4390	160118
94605	$50,000 under $75,000	2770	170401
94605	$75,000 under $100,000	1670	143765
94605	$100,000 under $200,000	2270	304563
94605	$200,000 or more	500	146718
			
94606		17,040	633,682
94606	$1 under $25,000	8260	106609
94606	$25,000 under $50,000	4910	177112
94606	$50,000 under $75,000	2020	122040
94606	$75,000 under $100,000	940	80713
94606	$100,000 under $200,000	770	101709
94606	$200,000 or more	140	45499
			
94607		11,210	572,446
94607	$1 under $25,000	5220	65511
94607	$25,000 under $50,000	2560	92059
94607	$50,000 under $75,000	1330	81079
94607	$75,000 under $100,000	780	67662
94607	$100,000 under $200,000	1080	144731
94607	$200,000 or more	240	121404
			
94608		14,700	853,272
94608	$1 under $25,000	5230	66102
94608	$25,000 under $50,000	3590	130651
94608	$50,000 under $75,000	2190	134196
94608	$75,000 under $100,000	1400	121092
94608	$100,000 under $200,000	1850	247242
94608	$200,000 or more	440	153989
			
94609		11,440	598,663
94609	$1 under $25,000	4330	56004
94609	$25,000 under $50,000	3190	116784
94609	$50,000 under $75,000	1590	97189
94609	$75,000 under $100,000	840	72108
94609	$100,000 under $200,000	1170	158121
94609	$200,000 or more	320	98457
			
94610		17,360	1,817,349
94610	$1 under $25,000	4360	54396
94610	$25,000 under $50,000	4010	150614
94610	$50,000 under $75,000	3080	188592
94610	$75,000 under $100,000	1820	157243
94610	$100,000 under $200,000	2510	344778
94610	$200,000 or more	1580	921726
			
94611		20,180	3,246,351
94611	$1 under $25,000	4660	52485
94611	$25,000 under $50,000	3370	124816
94611	$50,000 under $75,000	2520	155864
94611	$75,000 under $100,000	1870	162303
94611	$100,000 under $200,000	3910	557092
94611	$200,000 or more	3850	2193791
			
94612		7,380	404,846
94612	$1 under $25,000	2780	35606
94612	$25,000 under $50,000	1950	71131
94612	$50,000 under $75,000	1120	68293
94612	$75,000 under $100,000	580	49510
94612	$100,000 under $200,000	760	100450
94612	$200,000 or more	190	79856
			
94618		8,650	1,368,836
94618	$1 under $25,000	1650	19061
94618	$25,000 under $50,000	1270	47547
94618	$50,000 under $75,000	1140	70465
94618	$75,000 under $100,000	870	75910
94618	$100,000 under $200,000	1880	267702
94618	$200,000 or more	1840	888151
			
94619		11,960	903,647
94619	$1 under $25,000	3870	49896
94619	$25,000 under $50,000	2540	93438
94619	$50,000 under $75,000	1870	114987
94619	$75,000 under $100,000	1170	101230
94619	$100,000 under $200,000	1830	251360
94619	$200,000 or more	680	292736
			
94621		11,500	339,578
94621	$1 under $25,000	6290	83766
94621	$25,000 under $50,000	3430	120326
94621	$50,000 under $75,000	1220	73277
94621	$75,000 under $100,000	360	30650
94621	$100,000 under $200,000	200	31559
94621	$200,000 or more	**	**
			
94702		8,370	517,087
94702	$1 under $25,000	2700	33748
94702	$25,000 under $50,000	2020	74227
94702	$50,000 under $75,000	1310	80441
94702	$75,000 under $100,000	810	70224
94702	$100,000 under $200,000	1220	165679
94702	$200,000 or more	310	92768
			
94703		9,750	612,062
94703	$1 under $25,000	3370	41943
94703	$25,000 under $50,000	2510	91229
94703	$50,000 under $75,000	1280	78413
94703	$75,000 under $100,000	880	75982
94703	$100,000 under $200,000	1280	176703
94703	$200,000 or more	430	147792
			
94704		5,440	289,536
94704	$1 under $25,000	2480	27441
94704	$25,000 under $50,000	1390	49503
94704	$50,000 under $75,000	600	36536
94704	$75,000 under $100,000	340	29078
94704	$100,000 under $200,000	450	60094
94704	$200,000 or more	180	86884
			
94705		7,230	1,290,544
94705	$1 under $25,000	1940	22452
94705	$25,000 under $50,000	1230	45019
94705	$50,000 under $75,000	880	54246
94705	$75,000 under $100,000	680	58557
94705	$100,000 under $200,000	1240	177305
94705	$200,000 or more	1260	932965
			
94706		8,850	714,062
94706	$1 under $25,000	2470	28545
94706	$25,000 under $50,000	1710	63488
94706	$50,000 under $75,000	1220	75076
94706	$75,000 under $100,000	980	84752
94706	$100,000 under $200,000	1810	253061
94706	$200,000 or more	660	209140
			
94707		6,840	1,478,600
94707	$1 under $25,000	1430	15333
94707	$25,000 under $50,000	920	33676
94707	$50,000 under $75,000	740	45831
94707	$75,000 under $100,000	660	57342
94707	$100,000 under $200,000	1620	233241
94707	$200,000 or more	1470	1093177
			
94708		5,820	983,251
94708	$1 under $25,000	1150	12050
94708	$25,000 under $50,000	700	25740
94708	$50,000 under $75,000	590	36609
94708	$75,000 under $100,000	550	48190
94708	$100,000 under $200,000	1500	216208
94708	$200,000 or more	1330	644454
			
94709		4,940	362,597
94709	$1 under $25,000	1630	19712
94709	$25,000 under $50,000	1260	45496
94709	$50,000 under $75,000	660	40675
94709	$75,000 under $100,000	410	35791
94709	$100,000 under $200,000	680	94532
94709	$200,000 or more	300	126391
			
94710		3,540	227,513
94710	$1 under $25,000	1320	17188
94710	$25,000 under $50,000	890	31871
94710	$50,000 under $75,000	490	30213
94710	$75,000 under $100,000	290	25121
94710	$100,000 under $200,000	430	58526
94710	$200,000 or more	120	64594
			
94801		11,530	482,540
94801	$1 under $25,000	5530	73057
94801	$25,000 under $50,000	3310	117361
94801	$50,000 under $75,000	1340	80819
94801	$75,000 under $100,000	600	51525
94801	$100,000 under $200,000	570	76323
94801	$200,000 or more	180	83455
			
94803		11,740	718,148
94803	$1 under $25,000	3820	46731
94803	$25,000 under $50,000	2550	93572
94803	$50,000 under $75,000	1970	121833
94803	$75,000 under $100,000	1160	100243
94803	$100,000 under $200,000	1900	257069
94803	$200,000 or more	340	98700
			
94804		17,820	796,787
94804	$1 under $25,000	7320	93415
94804	$25,000 under $50,000	4950	180123
94804	$50,000 under $75,000	2690	164096
94804	$75,000 under $100,000	1270	109792
94804	$100,000 under $200,000	1370	179222
94804	$200,000 or more	220	70139
			
94805		6,710	353,785
94805	$1 under $25,000	2340	29620
94805	$25,000 under $50,000	1700	62109
94805	$50,000 under $75,000	1150	70391
94805	$75,000 under $100,000	620	53292
94805	$100,000 under $200,000	770	101454
94805	$200,000 or more	130	36919
			
94806		25,740	1,099,949
94806	$1 under $25,000	10350	136206
94806	$25,000 under $50,000	7480	273135
94806	$50,000 under $75,000	4010	244670
94806	$75,000 under $100,000	2010	173258
94806	$100,000 under $200,000	1740	223936
94806	$200,000 or more	150	48744
			
94901		19,170	2,431,099
94901	$1 under $25,000	6610	82261
94901	$25,000 under $50,000	4050	144975
94901	$50,000 under $75,000	2110	128994
94901	$75,000 under $100,000	1320	114396
94901	$100,000 under $200,000	2810	396678
94901	$200,000 or more	2270	1563795
			103.1526099
94903		14,560	1,501,902
94903	$1 under $25,000	3950	45705
94903	$25,000 under $50,000	2460	91035
94903	$50,000 under $75,000	1890	116919
94903	$75,000 under $100,000	1520	131664
94903	$100,000 under $200,000	3070	429502
94903	$200,000 or more	1670	687077
			
94904		5,980	1,539,180
94904	$1 under $25,000	1430	15073
94904	$25,000 under $50,000	800	29957
94904	$50,000 under $75,000	670	41824
94904	$75,000 under $100,000	520	44771
94904	$100,000 under $200,000	1040	147754
94904	$200,000 or more	1520	1259801
			
94920		6,060	2,623,529
94920	$1 under $25,000	1270	12852
94920	$25,000 under $50,000	640	23629
94920	$50,000 under $75,000	550	34255
94920	$75,000 under $100,000	450	38517
94920	$100,000 under $200,000	1100	159867
94920	$200,000 or more	2050	2354409
			
94922		200	13,234
94922	$1 under $25,000	90	1061
94922	$25,000 under $50,000	60	2811
94922	$50,000 under $75,000	**	**
94922	$75,000 under $100,000	20	2079
94922	$100,000 under $200,000	30	7283
94922	$200,000 or more	**	**
			
94923		700	58,346
94923	$1 under $25,000	210	2645
94923	$25,000 under $50,000	160	5720
94923	$50,000 under $75,000	90	5753
94923	$75,000 under $100,000	60	5334
94923	$100,000 under $200,000	120	16744
94923	$200,000 or more	60	22150
			
94924		660	43,825
94924	$1 under $25,000	270	3170
94924	$25,000 under $50,000	140	4752
94924	$50,000 under $75,000	70	3917
94924	$75,000 under $100,000	50	4292
94924	$100,000 under $200,000	80	10727
94924	$200,000 or more	50	16967
			
94925		4,460	720,179
94925	$1 under $25,000	1080	11248
94925	$25,000 under $50,000	580	21454
94925	$50,000 under $75,000	520	31747
94925	$75,000 under $100,000	380	32705
94925	$100,000 under $200,000	950	137561
94925	$200,000 or more	950	485464
			
94928		18,640	968,098
94928	$1 under $25,000	6840	85917
94928	$25,000 under $50,000	4780	174463
94928	$50,000 under $75,000	2900	177775
94928	$75,000 under $100,000	1750	151475
94928	$100,000 under $200,000	2140	284109
94928	$200,000 or more	230	94359
			104.9437799
94930		4,180	438,665
94930	$1 under $25,000	1200	13413
94930	$25,000 under $50,000	770	28297
94930	$50,000 under $75,000	560	34818
94930	$75,000 under $100,000	420	36655
94930	$100,000 under $200,000	860	120968
94930	$200,000 or more	370	204514
			
94931		4,420	250,023
94931	$1 under $25,000	1550	19230
94931	$25,000 under $50,000	1010	36807
94931	$50,000 under $75,000	740	45449
94931	$75,000 under $100,000	420	36212
94931	$100,000 under $200,000	600	79427
94931	$200,000 or more	100	32898
			
94937		480	50,358
94937	$1 under $25,000	150	1810
94937	$25,000 under $50,000	110	4165
94937	$50,000 under $75,000	60	3746
94937	$75,000 under $100,000	40	3721
94937	$100,000 under $200,000	70	9932
94937	$200,000 or more	50	26984
			
94939		3,570	715,982
94939	$1 under $25,000	790	8170
94939	$25,000 under $50,000	510	18803
94939	$50,000 under $75,000	410	25240
94939	$75,000 under $100,000	350	30458
94939	$100,000 under $200,000	710	99315
94939	$200,000 or more	800	533996
			
94941		14,720	3,312,347
94941	$1 under $25,000	3490	37257
94941	$25,000 under $50,000	1970	71824
94941	$50,000 under $75,000	1540	95388
94941	$75,000 under $100,000	1220	106718
94941	$100,000 under $200,000	2850	407043
94941	$200,000 or more	3650	2594117
			
94945		8,490	820,548
94945	$1 under $25,000	2500	29225
94945	$25,000 under $50,000	1570	57473
94945	$50,000 under $75,000	1060	65644
94945	$75,000 under $100,000	840	72660
94945	$100,000 under $200,000	1710	238835
94945	$200,000 or more	810	356711
			
94946		280	87,868
94946	$1 under $25,000	70	777
94946	$25,000 under $50,000	50	1782
94946	$50,000 under $75,000	50	3776
94946	$75,000 under $100,000	**	**
94946	$100,000 under $200,000	40	5153
94946	$200,000 or more	70	76380
			
94947		11,720	1,017,673
94947	$1 under $25,000	3410	40328
94947	$25,000 under $50,000	2320	85428
94947	$50,000 under $75,000	1630	100726
94947	$75,000 under $100,000	1190	103632
94947	$100,000 under $200,000	2250	315276
94947	$200,000 or more	920	372283
			
94949		8,520	808,371
94949	$1 under $25,000	2540	29993
94949	$25,000 under $50,000	1680	61597
94949	$50,000 under $75,000	1080	66261
94949	$75,000 under $100,000	760	66607
94949	$100,000 under $200,000	1540	218134
94949	$200,000 or more	920	365779
			
94951		2,280	172,368
94951	$1 under $25,000	820	9383
94951	$25,000 under $50,000	470	17188
94951	$50,000 under $75,000	290	17609
94951	$75,000 under $100,000	190	16870
94951	$100,000 under $200,000	370	49643
94951	$200,000 or more	140	61675
			
94952		15,410	1,214,772
94952	$1 under $25,000	4790	58862
94952	$25,000 under $50,000	3430	125365
94952	$50,000 under $75,000	2220	136702
94952	$75,000 under $100,000	1530	132847
94952	$100,000 under $200,000	2520	346384
94952	$200,000 or more	920	414612
			
94954		17,750	1,203,613
94954	$1 under $25,000	5610	68780
94954	$25,000 under $50,000	3790	139090
94954	$50,000 under $75,000	2480	153894
94954	$75,000 under $100,000	1990	172888
94954	$100,000 under $200,000	3170	430121
94954	$200,000 or more	710	238840
			
94956		860	63,991
94956	$1 under $25,000	290	3686
94956	$25,000 under $50,000	230	8281
94956	$50,000 under $75,000	110	7008
94956	$75,000 under $100,000	80	6426
94956	$100,000 under $200,000	100	13617
94956	$200,000 or more	50	24973
			
94960		7,140	1,093,151
94960	$1 under $25,000	1840	19375
94960	$25,000 under $50,000	1030	38114
94960	$50,000 under $75,000	810	49842
94960	$75,000 under $100,000	640	55285
94960	$100,000 under $200,000	1480	211880
94960	$200,000 or more	1340	718655
			
94965		6,000	886,238
94965	$1 under $25,000	1590	18690
94965	$25,000 under $50,000	960	35216
94965	$50,000 under $75,000	770	47825
94965	$75,000 under $100,000	570	49837
94965	$100,000 under $200,000	1180	166297
94965	$200,000 or more	930	568373
			
95003		11,090	1,165,722
95003	$1 under $25,000	3180	36979
95003	$25,000 under $50,000	1960	72044
95003	$50,000 under $75,000	1490	92211
95003	$75,000 under $100,000	1180	103101
95003	$100,000 under $200,000	2220	309487
95003	$200,000 or more	1060	551900
			
95004		1,830	120,174
95004	$1 under $25,000	610	7708
95004	$25,000 under $50,000	390	14341
95004	$50,000 under $75,000	280	17254
95004	$75,000 under $100,000	200	17675
95004	$100,000 under $200,000	280	37880
95004	$200,000 or more	70	25316
			
95005		2,950	214,825
95005	$1 under $25,000	950	11284
95005	$25,000 under $50,000	560	20857
95005	$50,000 under $75,000	400	24750
95005	$75,000 under $100,000	310	27088
95005	$100,000 under $200,000	580	80441
95005	$200,000 or more	150	50405
			
95006		4,280	344,998
95006	$1 under $25,000	1280	15408
95006	$25,000 under $50,000	780	28528
95006	$50,000 under $75,000	620	38380
95006	$75,000 under $100,000	470	40896
95006	$100,000 under $200,000	890	122705
95006	$200,000 or more	240	99081
			
95008		22,480	2,139,867
95008	$1 under $25,000	6050	73086
95008	$25,000 under $50,000	4380	160949
95008	$50,000 under $75,000	3100	191269
95008	$75,000 under $100,000	2170	187990
95008	$100,000 under $200,000	4370	614617
95008	$200,000 or more	2410	911956
			
95010		5,190	360,181
95010	$1 under $25,000	1690	20976
95010	$25,000 under $50,000	1260	46183
95010	$50,000 under $75,000	830	50837
95010	$75,000 under $100,000	500	43639
95010	$100,000 under $200,000	680	90968
95010	$200,000 or more	230	107578
			
95012		4,870	171,978
95012	$1 under $25,000	2380	34762
95012	$25,000 under $50,000	1540	54705
95012	$50,000 under $75,000	540	32599
95012	$75,000 under $100,000	210	17657
95012	$100,000 under $200,000	170	22635
95012	$200,000 or more	30	9620
			
95014		25,290	4,587,428
95014	$1 under $25,000	5270	54119
95014	$25,000 under $50,000	2650	97965
95014	$50,000 under $75,000	2290	142705
95014	$75,000 under $100,000	2110	183766
95014	$100,000 under $200,000	6480	940329
95014	$200,000 or more	6490	3168544
			
95017		410	24,449
95017	$1 under $25,000	180	2495
95017	$25,000 under $50,000	100	3561
95017	$50,000 under $75,000	50	3227
95017	$75,000 under $100,000	30	2951
95017	$100,000 under $200,000	50	12215
95017	$200,000 or more	**	**
			
95018		3,750	261,463
95018	$1 under $25,000	1190	13957
95018	$25,000 under $50,000	750	27333
95018	$50,000 under $75,000	570	35319
95018	$75,000 under $100,000	430	37320
95018	$100,000 under $200,000	640	87045
95018	$200,000 or more	170	60489
			
95019		3,720	139,208
95019	$1 under $25,000	1950	27362
95019	$25,000 under $50,000	1040	36781
95019	$50,000 under $75,000	420	25515
95019	$75,000 under $100,000	160	13701
95019	$100,000 under $200,000	120	15513
95019	$200,000 or more	30	20336
			
95020		24,600	1,751,734
95020	$1 under $25,000	9100	117005
95020	$25,000 under $50,000	5150	185221
95020	$50,000 under $75,000	2880	177226
95020	$75,000 under $100,000	2070	179884
95020	$100,000 under $200,000	4010	555265
95020	$200,000 or more	1390	537133
			
95023		20,570	1,184,255
95023	$1 under $25,000	7790	101219
95023	$25,000 under $50,000	4740	170056
95023	$50,000 under $75,000	2780	171239
95023	$75,000 under $100,000	1870	162905
95023	$100,000 under $200,000	2840	382075
95023	$200,000 or more	550	196761
			
95030		6,410	2,528,233
95030	$1 under $25,000	1420	13750
95030	$25,000 under $50,000	670	25038
95030	$50,000 under $75,000	590	36615
95030	$75,000 under $100,000	480	41964
95030	$100,000 under $200,000	1130	162775
95030	$200,000 or more	2120	2248091
			
95032		12,710	3,437,105
95032	$1 under $25,000	2800	29035
95032	$25,000 under $50,000	1610	59073
95032	$50,000 under $75,000	1380	85657
95032	$75,000 under $100,000	1110	96613
95032	$100,000 under $200,000	2680	389875
95032	$200,000 or more	3130	2776852
			
95033		4,170	713,766
95033	$1 under $25,000	980	10522
95033	$25,000 under $50,000	570	20942
95033	$50,000 under $75,000	420	26465
95033	$75,000 under $100,000	350	30395
95033	$100,000 under $200,000	960	140606
95033	$200,000 or more	890	484836
			
95035		30,880	2,445,590
95035	$1 under $25,000	9240	111817
95035	$25,000 under $50,000	6240	228033
95035	$50,000 under $75,000	4140	255237
95035	$75,000 under $100,000	3090	268518
95035	$100,000 under $200,000	5890	818738
95035	$200,000 or more	2280	763247
			
95037		20,510	2,105,437
95037	$1 under $25,000	6160	73862
95037	$25,000 under $50,000	3530	128110
95037	$50,000 under $75,000	2360	146850
95037	$75,000 under $100,000	1850	161596
95037	$100,000 under $200,000	4190	595915
95037	$200,000 or more	2420	999104
			
95039		760	35,197
95039	$1 under $25,000	310	4233
95039	$25,000 under $50,000	230	7929
95039	$50,000 under $75,000	110	6516
95039	$75,000 under $100,000	40	3835
95039	$100,000 under $200,000	70	12684
95039	$200,000 or more	**	**
			
95043		270	17,797
95043	$1 under $25,000	90	1178
95043	$25,000 under $50,000	60	2006
95043	$50,000 under $75,000	50	3152
95043	$75,000 under $100,000	30	2275
95043	$100,000 under $200,000	40	9186
95043	$200,000 or more	**	**
			
95045		1,830	115,643
95045	$1 under $25,000	640	8436
95045	$25,000 under $50,000	440	15884
95045	$50,000 under $75,000	250	15148
95045	$75,000 under $100,000	150	13012
95045	$100,000 under $200,000	270	37087
95045	$200,000 or more	80	26076
			
95046		3,190	254,792
95046	$1 under $25,000	1190	15471
95046	$25,000 under $50,000	710	25453
95046	$50,000 under $75,000	360	21872
95046	$75,000 under $100,000	270	22825
95046	$100,000 under $200,000	430	59648
95046	$200,000 or more	230	109523
			
95050		17,500	1,375,163
95050	$1 under $25,000	5150	64431
95050	$25,000 under $50,000	3720	136420
95050	$50,000 under $75,000	2420	148807
95050	$75,000 under $100,000	1800	155461
95050	$100,000 under $200,000	3220	446679
95050	$200,000 or more	1190	423365
			
95051		26,280	2,444,053
95051	$1 under $25,000	6670	80428
95051	$25,000 under $50,000	4700	172062
95051	$50,000 under $75,000	3540	219534
95051	$75,000 under $100,000	2900	252014
95051	$100,000 under $200,000	5910	826208
95051	$200,000 or more	2560	893807
			
95054		11,550	1,507,634
95054	$1 under $25,000	2330	29607
95054	$25,000 under $50,000	1600	58940
95054	$50,000 under $75,000	1170	71932
95054	$75,000 under $100,000	1160	100963
95054	$100,000 under $200,000	3130	445737
95054	$200,000 or more	2160	800455
			
95060		19,420	1,597,494
95060	$1 under $25,000	7290	87966
95060	$25,000 under $50,000	4030	145120
95060	$50,000 under $75,000	2230	137557
95060	$75,000 under $100,000	1580	137010
95060	$100,000 under $200,000	2890	400521
95060	$200,000 or more	1400	689320
			
95062		17,020	1,060,534
95062	$1 under $25,000	6180	78167
95062	$25,000 under $50,000	4140	149654
95062	$50,000 under $75,000	2380	146056
95062	$75,000 under $100,000	1460	126082
95062	$100,000 under $200,000	2170	295779
95062	$200,000 or more	690	264796
			
95064		550	30,453
95064	$1 under $25,000	260	2599
95064	$25,000 under $50,000	80	2883
95064	$50,000 under $75,000	60	3640
95064	$75,000 under $100,000	40	3363
95064	$100,000 under $200,000	110	17968
95064	$200,000 or more	**	**
			
95065		3,810	320,891
95065	$1 under $25,000	1220	15175
95065	$25,000 under $50,000	750	27182
95065	$50,000 under $75,000	470	28788
95065	$75,000 under $100,000	340	29344
95065	$100,000 under $200,000	730	101495
95065	$200,000 or more	300	118907
			
95066		6,780	698,444
95066	$1 under $25,000	1910	20988
95066	$25,000 under $50,000	1070	38617
95066	$50,000 under $75,000	830	51224
95066	$75,000 under $100,000	680	59286
95066	$100,000 under $200,000	1480	208390
95066	$200,000 or more	810	319939
			
95070		15,200	4,669,630
95070	$1 under $25,000	3370	31723
95070	$25,000 under $50,000	1510	55642
95070	$50,000 under $75,000	1230	76436
95070	$75,000 under $100,000	1030	90337
95070	$100,000 under $200,000	2940	427128
95070	$200,000 or more	5120	3988364
			
95073		5,520	454,768
95073	$1 under $25,000	1900	22579
95073	$25,000 under $50,000	1130	41340
95073	$50,000 under $75,000	660	40346
95073	$75,000 under $100,000	530	46049
95073	$100,000 under $200,000	900	125044
95073	$200,000 or more	400	179410
			
95075		310	23,284
95075	$1 under $25,000	110	1290
95075	$25,000 under $50,000	60	2409
95075	$50,000 under $75,000	40	2280
95075	$75,000 under $100,000	20	2095
95075	$100,000 under $200,000	60	8607
95075	$200,000 or more	20	6603
			
95076		35,350	1,681,021
95076	$1 under $25,000	16870	237500
95076	$25,000 under $50,000	9630	342278
95076	$50,000 under $75,000	3830	233442
95076	$75,000 under $100,000	2050	176667
95076	$100,000 under $200,000	2350	309702
95076	$200,000 or more	620	381432
			
95110		8,400	546,475
95110	$1 under $25,000	2960	40120
95110	$25,000 under $50,000	2220	80056
95110	$50,000 under $75,000	1130	69502
95110	$75,000 under $100,000	710	61097
95110	$100,000 under $200,000	1030	140217
95110	$200,000 or more	350	155483
			
95111		26,220	1,083,958
95111	$1 under $25,000	11870	150969
95111	$25,000 under $50,000	7270	259354
95111	$50,000 under $75,000	3300	201157
95111	$75,000 under $100,000	1690	145089
95111	$100,000 under $200,000	1800	238330
95111	$200,000 or more	290	89059
			
95112		22,910	1,203,446
95112	$1 under $25,000	9710	122820
95112	$25,000 under $50,000	5850	208942
95112	$50,000 under $75,000	2740	167469
95112	$75,000 under $100,000	1670	143919
95112	$100,000 under $200,000	2250	306472
95112	$200,000 or more	690	253824
			
95113		1,160	120,139
95113	$1 under $25,000	390	4547
95113	$25,000 under $50,000	230	8288
95113	$50,000 under $75,000	120	7514
95113	$75,000 under $100,000	100	8323
95113	$100,000 under $200,000	200	27686
95113	$200,000 or more	120	63781
			
95116		21,580	774,887
95116	$1 under $25,000	10210	138612
95116	$25,000 under $50,000	6860	241489
95116	$50,000 under $75,000	2380	144101
95116	$75,000 under $100,000	1070	91616
95116	$100,000 under $200,000	940	121549
95116	$200,000 or more	120	37520
			
95117		13,440	900,701
95117	$1 under $25,000	4770	61565
95117	$25,000 under $50,000	3440	123885
95117	$50,000 under $75,000	1680	102617
95117	$75,000 under $100,000	1070	92156
95117	$100,000 under $200,000	1700	236435
95117	$200,000 or more	780	284043
			
95118		14,860	1,250,698
95118	$1 under $25,000	4330	53107
95118	$25,000 under $50,000	2770	101300
95118	$50,000 under $75,000	1890	116534
95118	$75,000 under $100,000	1450	125857
95118	$100,000 under $200,000	3160	447224
95118	$200,000 or more	1260	406676
			
95119		4,630	406,879
95119	$1 under $25,000	1270	14884
95119	$25,000 under $50,000	820	30172
95119	$50,000 under $75,000	580	35720
95119	$75,000 under $100,000	490	42524
95119	$100,000 under $200,000	1140	161134
95119	$200,000 or more	330	122445
			
95120		16,810	2,920,937
95120	$1 under $25,000	3730	36591
95120	$25,000 under $50,000	1720	63911
95120	$50,000 under $75,000	1380	85889
95120	$75,000 under $100,000	1280	111531
95120	$100,000 under $200,000	4130	603239
95120	$200,000 or more	4570	2019776
			
95121		17,200	989,769
95121	$1 under $25,000	6560	81097
95121	$25,000 under $50,000	4140	150485
95121	$50,000 under $75,000	2440	149860
95121	$75,000 under $100,000	1440	124348
95121	$100,000 under $200,000	2040	274007
95121	$200,000 or more	580	209972
			
95122		24,770	855,764
95122	$1 under $25,000	11810	158105
95122	$25,000 under $50,000	7710	271564
95122	$50,000 under $75,000	2980	180660
95122	$75,000 under $100,000	1290	110323
95122	$100,000 under $200,000	900	112820
95122	$200,000 or more	80	22292
			
95123		29,540	2,157,574
95123	$1 under $25,000	8700	105847
95123	$25,000 under $50,000	6010	220447
95123	$50,000 under $75,000	4340	267453
95123	$75,000 under $100,000	3160	274343
95123	$100,000 under $200,000	5700	784475
95123	$200,000 or more	1630	505009
			
95124		21,910	2,473,946
95124	$1 under $25,000	5600	65984
95124	$25,000 under $50,000	3510	128630
95124	$50,000 under $75,000	2450	152271
95124	$75,000 under $100,000	2070	180153
95124	$100,000 under $200,000	5200	740654
95124	$200,000 or more	3080	1206254
			
95125		24,710	3,111,141
95125	$1 under $25,000	6330	76347
95125	$25,000 under $50,000	4250	156033
95125	$50,000 under $75,000	3070	189373
95125	$75,000 under $100,000	2250	195234
95125	$100,000 under $200,000	4900	700867
95125	$200,000 or more	3910	1793287
			
95126		16,260	1,365,828
95126	$1 under $25,000	4780	61443
95126	$25,000 under $50,000	3660	133467
95126	$50,000 under $75,000	2270	139701
95126	$75,000 under $100,000	1540	133516
95126	$100,000 under $200,000	2740	381300
95126	$200,000 or more	1270	516401
			
95127		27,510	1,447,303
95127	$1 under $25,000	10840	141098
95127	$25,000 under $50,000	7400	266198
95127	$50,000 under $75,000	3850	234928
95127	$75,000 under $100,000	2100	182101
95127	$100,000 under $200,000	2620	349819
95127	$200,000 or more	700	273159
			
95128		16,400	1,260,705
95128	$1 under $25,000	5100	66534
95128	$25,000 under $50,000	3880	141799
95128	$50,000 under $75,000	2250	138500
95128	$75,000 under $100,000	1430	123962
95128	$100,000 under $200,000	2700	375974
95128	$200,000 or more	1040	413936
			
95129		17,230	2,106,656
95129	$1 under $25,000	4250	46760
95129	$25,000 under $50,000	2560	94282
95129	$50,000 under $75,000	1920	119398
95129	$75,000 under $100,000	1560	135818
95129	$100,000 under $200,000	3870	556671
95129	$200,000 or more	3070	1153727
			
95130		6,150	559,083
95130	$1 under $25,000	1840	21311
95130	$25,000 under $50,000	1150	41944
95130	$50,000 under $75,000	720	44229
95130	$75,000 under $100,000	520	45297
95130	$100,000 under $200,000	1190	170115
95130	$200,000 or more	730	236187
			
95131		13,780	1,163,261
95131	$1 under $25,000	3820	46523
95131	$25,000 under $50,000	2670	98581
95131	$50,000 under $75,000	1860	114573
95131	$75,000 under $100,000	1420	123391
95131	$100,000 under $200,000	2770	390137
95131	$200,000 or more	1240	390056
			
95132		18,800	1,355,143
95132	$1 under $25,000	5770	69242
95132	$25,000 under $50,000	3880	141366
95132	$50,000 under $75,000	2680	165621
95132	$75,000 under $100,000	1920	166956
95132	$100,000 under $200,000	3470	480733
95132	$200,000 or more	1080	331225
			
95133		12,000	711,800
95133	$1 under $25,000	4540	56652
95133	$25,000 under $50,000	2780	99667
95133	$50,000 under $75,000	1620	100175
95133	$75,000 under $100,000	970	84021
95133	$100,000 under $200,000	1650	226492
95133	$200,000 or more	440	144793
			
95134		8,520	887,000
95134	$1 under $25,000	1470	18602
95134	$25,000 under $50,000	1310	47587
95134	$50,000 under $75,000	1020	63795
95134	$75,000 under $100,000	1080	95290
95134	$100,000 under $200,000	2690	372888
95134	$200,000 or more	950	288838
			
95135		8,990	1,150,185
95135	$1 under $25,000	2100	22624
95135	$25,000 under $50,000	1130	41828
95135	$50,000 under $75,000	990	61976
95135	$75,000 under $100,000	800	69544
95135	$100,000 under $200,000	2140	309339
95135	$200,000 or more	1830	644874
			
95136		20,380	1,496,895
95136	$1 under $25,000	6010	74558
95136	$25,000 under $50,000	4170	152366
95136	$50,000 under $75,000	2930	180870
95136	$75,000 under $100,000	2220	193463
95136	$100,000 under $200,000	3900	540148
95136	$200,000 or more	1150	355490
			
95138		8,090	1,401,869
95138	$1 under $25,000	1900	21440
95138	$25,000 under $50,000	1160	42507
95138	$50,000 under $75,000	830	51084
95138	$75,000 under $100,000	740	64723
95138	$100,000 under $200,000	1630	232632
95138	$200,000 or more	1830	989483
			
95139		3,130	267,789
95139	$1 under $25,000	820	9455
95139	$25,000 under $50,000	490	17876
95139	$50,000 under $75,000	400	24864
95139	$75,000 under $100,000	370	31933
95139	$100,000 under $200,000	810	113235
95139	$200,000 or more	240	70426
			
95140		160	19,822
95140	$1 under $25,000	40	440
95140	$25,000 under $50,000	20	787
95140	$50,000 under $75,000	40	2690
95140	$75,000 under $100,000	**	**
95140	$100,000 under $200,000	30	4403
95140	$200,000 or more	30	11502
			
95148		20,670	1,542,064
95148	$1 under $25,000	6970	84751
95148	$25,000 under $50,000	4210	153070
95148	$50,000 under $75,000	2740	168825
95148	$75,000 under $100,000	1860	161462
95148	$100,000 under $200,000	3490	486302
95148	$200,000 or more	1400	487654
			
